species	strain	gene_id	biological_replicate	time_hour	scaled_abundance	log2_scaled_abundance
D. discoideum	AX4	DDB_G0278731	bio1	0	0.526718998969946	0.61043455061008
D. discoideum	AX4	DDB_G0278731	bio1	4	0.965083932976522	0.974590934419229
D. discoideum	AX4	DDB_G0278731	bio1	8	174.196075746247	7.45282664984603
D. discoideum	AX4	DDB_G0278731	bio1	12	798.916918397095	9.64370635522365
D. discoideum	AX4	DDB_G0278731	bio1	16	3166.05705486585	11.6289271425652
D. discoideum	AX4	DDB_G0278731	bio1	20	3512.50870986031	11.7786967596168
D. discoideum	AX4	DDB_G0278731	bio1	24	1493.29535649179	10.5452496183526
D. discoideum	AX4	DDB_G0278731	bio2	0	0.488808886134984	0.57415857143435
D. discoideum	AX4	DDB_G0278731	bio2	4	0.708902015485954	0.773069678567534
D. discoideum	AX4	DDB_G0278731	bio2	8	205.930038077921	7.69299927257815
D. discoideum	AX4	DDB_G0278731	bio2	12	868.978224857419	9.76483548121498
D. discoideum	AX4	DDB_G0278731	bio2	16	2108.58317820572	11.0427422569878
D. discoideum	AX4	DDB_G0278731	bio2	20	2174.45498649735	11.0871014502747
D. discoideum	AX4	DDB_G0278731	bio2	24	1412.00990200419	10.4645558603993
D. purpureum	DpAX1	87341	bio1	0	30.1068269863157	4.95915933692874
D. purpureum	DpAX1	87341	bio1	4	25.0371200472704	4.70249797644399
D. purpureum	DpAX1	87341	bio1	8	19.3310545890455	4.34561314582633
D. purpureum	DpAX1	87341	bio1	12	12.8584967417113	3.79269886889222
D. purpureum	DpAX1	87341	bio1	16	137.820941018229	7.11708140339944
D. purpureum	DpAX1	87341	bio1	20	1503.70812139086	10.5552679492814
D. purpureum	DpAX1	87341	bio1	24	1498.60313603064	10.550365032426
D. purpureum	DpAX1	87341	bio2	0	23.7478962119483	4.62923398357085
D. purpureum	DpAX1	87341	bio2	4	24.2877451414121	4.66036649533915
D. purpureum	DpAX1	87341	bio2	8	33.4158902662928	5.10500292479213
D. purpureum	DpAX1	87341	bio2	12	10.0981766938367	3.47225077228916
D. purpureum	DpAX1	87341	bio2	16	308.71319618299	8.2747890440891
D. purpureum	DpAX1	87341	bio2	20	1223.1545960031	10.2575700492311
D. purpureum	DpAX1	87341	bio2	24	1297.61916845749	10.3427626944074
